customer_id,recency_days,number_of_orders,revenue
22086,232,9,777
2290,115,16,1555
26377,43,5,336
24650,64,12,1189
12883,23,12,1229
2119,72,11,929
31283,112,17,1569
33815,142,11,778
15972,43,9,641
27650,131,10,970
4168,266,9,730
23375,371,9,798
7460,96,10,980
31412,170,14,1596
4298,333,13,1105
11217,126,7,673
27435,18,7,793
22756,246,8,652
14737,133,12,1081
38027,181,8,712
35527,161,11,1060
21182,152,9,790
35926,231,13,1248
2091,284,9,789
16555,156,8,794
7868,101,10,700
16526,150,10,855
12370,201,6,793
32863,124,11,793
11206,154,14,1220
16677,422,5,220
2718,78,16,1633
35549,152,9,812
39729,77,10,1231
16563,78,16,1380
14317,81,9,918
27557,208,10,981
16094,410,7,631
10725,538,6,537
27531,37,18,1804
35774,455,9,994
18357,43,18,1561
18377,138,9,562
12558,197,10,909
2036,11,3,216
15489,117,11,1185
1811,109,9,978
38345,139,9,794
6116,274,7,450
30839,38,10,943
17548,164,8,691
31140,124,10,1143
9338,284,3,309
5437,136,14,1154
38672,108,10,859
6662,168,10,1388
32799,509,6,724
23565,278,8,1240
17474,398,11,1256
20635,87,10,922
2057,10,11,921
10176,165,5,370
7409,316,7,693
36111,22,13,1068
16700,118,11,1138
6203,249,7,394
4641,176,17,1370
38766,370,12,1378
39138,264,14,1460
23711,290,11,1146
29815,35,14,1505
1552,203,9,682
14070,39,10,1023
11698,359,5,554
2837,65,11,1117
15039,109,9,891
35252,377,12,1131
7414,97,18,2031
36920,12,11,1098
2094,34,10,940
1027,121,10,951
19104,456,9,739
22573,68,15,1489
16910,218,9,982
28412,176,10,1045
7025,42,11,1089
25933,99,12,973
13586,133,11,812
18695,100,9,1007
22278,94,11,1093
25897,164,12,935
17131,779,4,497
33971,156,9,541
9920,54,15,1860
34568,123,10,1121
26537,225,11,1078
9016,224,8,777
39972,98,12,1236
31644,95,13,1388
3626,59,5,613
22867,77,9,847
26253,277,5,549
14938,56,9,968
30444,164,10,980
26680,73,8,779
18260,127,6,719
31835,192,9,958
28602,324,5,261
38433,133,16,1652
33465,425,10,902
22188,74,9,735
21572,262,3,544
18108,212,6,777
29137,515,7,707
30644,234,8,807
15440,220,9,1028
21382,236,17,1789
269,83,13,1339
3324,316,10,867
13234,67,10,907
18608,180,14,1277
2327,103,10,996
20670,310,7,770
9105,292,9,803
19342,39,12,805
31640,421,9,924
36454,290,7,538
38816,154,9,814
19635,139,12,891
31330,78,14,1072
8077,54,15,1328
27347,433,7,717
35369,98,19,1972
14603,208,7,696
14486,90,12,1482
8631,136,10,809
32709,395,11,1172
305,94,10,873
20591,194,11,880
1335,128,11,957
7068,177,16,1286
35342,30,14,1267
3357,121,12,1276
16912,86,14,1636
2568,160,10,1296
6229,295,8,531
25323,199,11,1269
13459,209,7,854
7870,72,7,690
29419,129,12,1365
8468,55,14,1558
36430,784,3,286
34120,146,15,1504
8391,40,8,840
9873,66,11,1170
27524,149,4,539
3031,25,18,1802
30183,399,7,699
31579,79,8,797
25670,69,6,611
19918,184,6,645
7615,147,16,1477
3256,946,1,11
1767,167,8,662
8721,78,11,1111
11279,258,9,608
33656,545,4,571
9346,29,6,243
13446,440,5,406
29811,133,11,1231
17234,378,14,1378
35229,3,10,635
19451,113,10,760
722,136,16,1586
6787,151,8,626
32140,171,9,709
8422,3,11,865
14498,53,13,1024
33155,247,9,1030
19798,263,16,1384
16692,172,13,1746
11378,229,6,597
28246,36,9,893
37743,202,13,1228
35359,98,14,1103
15429,214,11,1121
22652,143,15,1319
27115,241,5,601
5219,184,9,482
29602,85,7,665
9847,156,6,667
39067,54,11,904
22172,74,10,898
5151,160,12,1064
34388,37,7,644
35476,93,6,406
26036,102,9,969
27266,211,12,1359
33933,203,9,717
15808,636,2,143
24956,67,13,1356
37891,193,11,1248
14730,166,7,658
15596,29,11,775
22757,326,9,861
12960,80,6,461
17190,229,13,1287
7393,244,7,527
27507,68,13,1259
38046,201,10,912
28789,83,13,1508
33551,447,9,807
21616,87,16,995
38869,177,13,1436
7757,95,11,1095
20083,87,14,1128
4697,398,3,224
19776,121,13,1073
16705,173,16,1439
22004,354,11,1454
10972,97,10,1071
5936,174,11,1118
2521,124,10,1262
31716,187,10,1314
22410,114,5,492
37614,135,14,1372
177,357,7,457
31226,512,3,118
396,151,8,626
10584,201,10,1209
24522,25,8,578
20085,71,12,886
18122,471,5,559
10914,132,7,844
31578,327,17,1703
1658,90,9,933
31570,169,9,769
32149,85,6,657
11336,437,3,202
3356,79,9,932
34920,47,10,763
867,183,9,732
37814,185,11,851
33666,94,13,1043
39210,505,4,142
21650,62,13,635
38760,29,9,748
32778,204,8,799
29092,273,15,1267
23007,499,3,321
26203,52,10,1116
10910,444,7,781
27285,33,8,790
37197,130,14,1400
29609,178,12,1025
32621,53,12,1244
18086,98,10,1058
8824,99,8,917
17480,194,14,1238
30005,239,13,1405
4344,61,16,1621
17635,112,10,582
35716,72,3,105
27183,252,9,988
12801,140,9,1290
28732,184,10,1021
15920,180,8,429
9119,71,16,1716
6605,13,8,729
10472,27,9,862
18230,140,10,924
26963,395,5,575
12108,79,7,802
21571,38,18,1592
7052,256,14,1223
6833,399,9,1146
15509,122,8,1136
23492,35,7,763
20862,446,7,712
896,215,8,560
6608,205,13,1126
32000,412,4,312
27750,253,10,885
7581,56,10,896
352,177,10,1095
3205,456,10,955
22309,28,9,1153
28729,81,9,648
22337,160,7,475
18312,184,6,358
9897,280,9,1022
30142,82,10,590
39015,99,6,802
5687,241,11,965
28713,327,3,82
23489,167,6,415
27345,194,6,507
32784,289,8,1011
23606,477,12,1140
23057,260,7,613
17232,92,12,1246
29494,45,14,1126
3990,96,13,888
11831,84,16,1523
33207,91,12,1132
2703,166,13,1325
3885,45,14,1325
6895,74,9,838
32528,39,10,703
23371,156,5,626
13834,57,6,545
18862,98,9,814
4280,29,7,692
14990,64,20,1948
4772,149,13,1450
3730,140,7,590
3059,202,10,791
39158,136,10,931
13426,412,9,847
15680,97,14,1556
8501,58,12,848
4919,547,6,684
11689,391,7,783
12915,224,5,403
33635,251,12,1196
28335,119,11,932
17202,172,12,918
21879,69,11,775
17654,117,8,678
39733,331,8,1025
31994,219,6,555
2573,56,10,783
36068,387,7,709
39830,324,11,984
34275,174,9,1121
36102,113,15,1360
22653,238,8,809
22859,150,15,1324
31706,184,7,639
2330,457,10,602
28552,88,18,2162
1750,98,14,1444
19939,444,10,808
13570,61,10,1348
37471,99,16,1553
10485,451,8,776
29129,58,8,1045
35712,95,8,1125
37999,303,9,1018
21922,173,16,1848
35380,108,6,260
34779,486,7,632
10478,125,8,850
21975,260,10,1041
24305,126,9,899
7538,107,19,2092
28875,538,9,884
29590,185,15,1576
38922,173,6,413
14148,156,14,1462
906,128,17,1771
14094,366,8,682
11713,158,6,465
1058,106,7,874
27141,302,16,1207
24053,528,8,932
8688,129,7,492
7257,525,7,648
7011,240,14,1351
35207,68,10,910
2926,82,8,1051
32611,402,7,947
20581,23,10,871
13652,49,11,1119
36595,138,8,810
20128,179,7,367
38148,100,13,901
35137,159,13,1031
11144,28,11,1229
11074,186,16,1674
10413,124,11,933
6265,435,9,642
12538,58,6,593
12793,130,9,577
13002,132,11,953
35374,165,11,641
11851,438,9,1006
11542,202,11,1062
6290,188,7,570
36237,140,7,616
16359,190,9,783
3164,40,11,1248
32548,213,10,1070
33908,178,14,1595
26463,184,7,752
15036,224,14,1575
12365,163,7,653
28054,21,7,596
27742,150,12,1215
21408,486,9,954
23244,151,14,1240
7412,123,5,335
31374,121,9,912
31042,14,12,1006
37767,143,20,1804
240,172,10,1040
2112,12,14,2019
24560,142,11,1223
34438,46,12,1266
26095,86,6,682
20191,152,10,957
33075,36,8,570
23903,145,10,922
2021,110,14,1384
11941,181,9,676
56,486,9,970
26674,99,10,918
36063,126,9,963
29915,126,9,934
24798,191,10,775
1712,376,11,772
15577,516,6,524
2147,59,14,1103
31134,297,15,1306
5502,144,7,521
21798,21,10,882
32547,168,9,957
25790,3,14,1117
19619,125,13,1250
4382,117,9,854
9782,260,7,602
5867,97,8,959
13014,141,15,1536
26768,158,5,365
952,395,7,609
35610,182,10,1031
21150,195,10,930
11494,469,4,203
19151,163,8,869
21779,251,8,800
34471,155,11,1083
9231,213,11,1302
30564,552,7,395
14374,203,12,1137
29133,148,9,951
8799,206,12,1129
10194,404,9,729
3504,53,7,516
3654,215,11,1059
7993,57,11,735
11740,401,12,1105
7825,202,8,550
24561,108,12,1357
14309,37,13,1380
7314,98,8,688
38962,182,17,1824
17591,929,2,251
39129,160,14,1398
16207,157,10,993
35470,182,12,1140
36619,246,4,304
6508,118,8,576
28446,124,14,1022
17396,510,10,1089
14881,134,6,499
30369,24,7,862
24900,17,10,974
7880,170,5,668
17889,359,10,845
1190,220,13,1125
30010,152,12,1091
36840,88,11,939
36135,22,13,1241
38837,229,12,1186
34063,143,5,440
21722,138,10,1068
37906,238,14,1424
29322,491,7,935
16814,41,10,697
21323,39,10,1022
37708,56,9,845
5005,380,4,424
35133,182,10,1032
5712,171,10,1413
37996,34,8,663
22884,176,10,885
16320,403,11,1109
28100,51,10,996
32456,99,9,579
9984,85,12,978
8898,155,10,1025
20672,154,9,955
6956,104,6,756
4064,169,8,693
31199,132,11,977
9706,123,12,1018
32816,29,14,1182
6008,254,7,819
39585,177,6,549
20698,74,17,1566
37738,85,8,617
31321,127,6,789
38394,423,7,598
14580,66,10,994
34768,239,9,1035
27245,96,10,850
21420,47,9,1191
4843,80,7,933
37659,184,11,776
37026,148,15,1637
7226,118,10,1004
32408,96,11,1350
5212,310,8,910
27846,174,9,1019
30574,296,8,1012
35,34,9,709
7188,198,6,697
2451,122,12,768
39480,547,5,713
12665,160,9,431
13294,49,7,514
15959,328,7,609
32371,92,15,1285
6361,284,10,621
38781,203,10,952
7235,528,10,995
26078,145,3,280
6065,78,13,1179
37484,130,14,1573
18565,85,12,1089
30849,325,9,578
37104,405,10,908
32331,161,15,1832
14079,96,8,660
18328,41,12,1636
11271,59,8,774
39956,108,11,996
12407,229,9,653
30012,76,9,655
17824,74,10,715
50,51,13,1430
1728,145,7,1084
7486,78,10,1051
1955,305,5,391
490,130,11,827
27447,33,11,827
27119,493,4,132
25633,124,8,760
8731,153,6,282
2101,233,11,800
30445,91,10,1123
7072,380,8,681
14513,165,13,1107
19191,93,7,801
16217,244,13,1398
1206,101,8,790
13996,265,10,822
33286,114,11,1184
27888,97,9,772
1240,186,8,1161
6973,237,5,520
21033,78,13,877
30787,138,5,391
2502,19,13,1477
39049,513,5,371
39521,221,6,542
5891,167,13,910
38876,84,14,1197
101,130,16,1284
16826,73,7,656
6946,555,7,607
19857,355,8,493
33302,304,14,1308
9672,170,6,559
24939,11,13,1211
35757,210,13,1322
13691,56,8,539
4822,299,8,634
13788,98,11,1212
1683,156,11,1009
9098,249,7,559
14477,144,11,917
20802,5,14,1627
27731,253,14,1523
23442,124,12,685
30913,155,9,753
26728,361,7,503
28225,419,5,728
32603,122,7,740
30035,89,8,774
16270,105,7,632
29715,165,11,791
2649,304,9,700
38104,245,7,250
31971,106,15,1348
25963,210,11,890
13309,372,8,1038
31359,198,19,2004
32684,153,16,1188
39834,3,9,484
13905,21,13,1458
5968,448,5,294
16339,195,14,1315
369,236,14,1430
165,371,10,963
36220,333,15,1399
28247,78,8,607
1228,35,6,556
22797,77,13,1321
16743,109,12,1347
6793,241,10,863
22614,319,4,175
7749,312,10,1093
591,520,9,931
13204,310,10,798
18161,80,10,1081
18215,222,10,1045
25124,139,10,1013
32910,235,8,824
16871,64,10,842
11371,482,6,445
14018,10,6,540
26657,68,12,980
13418,230,13,1495
23028,127,7,361
17266,69,7,939
15647,123,9,464
34156,93,13,1069
6291,350,6,634
17157,189,8,662
25137,35,11,1380
25911,258,8,429
1306,383,11,848
11568,129,8,1088
24129,165,10,1125
34387,211,10,1166
12536,219,8,789
18315,272,6,849
8607,88,10,851
24144,330,7,817
3746,8,16,1402
33109,143,9,486
35933,169,7,643
7583,196,14,1290
37113,499,10,661
37453,173,12,1016
31946,532,10,1152
13307,340,7,548
30995,133,9,872
25669,237,10,652
29323,90,7,729
18379,115,15,1073
31969,108,9,659
25289,47,8,1027
19801,70,17,1542
37442,132,6,596
22232,169,5,655
25577,430,8,749
17018,147,8,354
34657,102,9,939
8105,152,13,1196
16924,362,5,849
18821,185,14,1173
36568,163,10,796
39780,54,6,558
18412,265,5,563
19055,85,7,620
35973,454,5,500
38162,302,13,1443
33921,21,13,1512
39403,104,14,1493
19596,65,12,1070
33864,50,13,1765
34224,224,12,941
33110,175,16,1332
27759,476,6,497
32907,161,10,903
26179,408,8,953
3451,550,3,260
4987,460,12,1536
11700,295,10,935
24653,184,10,822
15904,132,8,960
12591,203,5,311
2698,206,12,988
12279,146,8,660
12637,101,11,1215
15615,165,13,1381
1704,29,11,1274
18290,85,12,1242
31765,49,6,426
20450,46,14,1488
20833,173,10,994
31587,34,9,855
18697,173,13,1344
3538,332,4,396
9104,312,11,766
17767,8,13,1111
20426,23,12,1039
30238,125,9,862
35081,128,10,1217
23385,171,12,1012
10393,121,10,792
4731,363,9,805
9686,199,9,880
17327,148,9,923
9842,141,10,1238
38285,8,15,1270
29082,136,9,902
72,161,16,1800
22474,36,17,1504
18378,10,12,1132
23724,108,8,950
5696,234,13,1222
22205,98,11,1035
9563,159,9,997
26508,135,12,1190
36933,441,9,572
10929,634,3,256
2347,198,9,980
17145,138,12,998
4622,288,7,494
3284,84,9,635
36384,90,11,1044
17540,243,12,932
26849,114,16,1586
24416,117,10,857
289,88,14,1370
31384,626,4,292
11385,61,10,1253
19764,28,9,784
4293,148,4,411
22242,528,6,691
38069,147,13,1188
31546,34,9,783
35285,84,12,1103
5245,152,13,1307
16536,155,11,926
30554,315,12,968
30810,457,9,777
31802,461,7,967
18849,509,7,714
32511,168,8,842
7943,123,14,1433
2682,156,11,1070
12480,166,11,935
25173,82,7,901
11366,43,8,944
1510,163,6,574
4098,127,11,1188
16860,155,9,810
24725,876,4,455
17440,228,7,1057
37929,219,10,1216
26281,89,12,1159
21144,22,15,1874
30740,425,8,997
34719,98,11,1219
28203,336,10,854
6887,79,10,913
10860,29,11,1085
17236,76,6,410
9846,58,8,563
651,93,10,709
10448,120,5,262
1249,78,11,1086
18830,97,16,1573
13491,103,7,521
23031,139,11,1299
12760,109,15,1629
23481,120,10,1101
34092,131,6,811
25511,200,10,1302
21352,307,9,1036
21704,251,10,886
25295,152,8,663
38421,378,11,900
25975,125,9,883
13281,35,8,795
17585,47,18,2303
26930,192,11,1077
15868,48,10,1170
2628,272,12,1279
13242,454,7,1200
11734,45,14,1520
4865,79,13,1131
17240,497,7,555
31022,171,11,967
29248,178,8,653
36014,99,10,882
4067,73,13,1065
23125,352,11,1064
31034,117,8,592
32295,65,6,640
23279,89,6,596
996,518,5,523
3460,72,8,854
3649,444,11,1140
11154,188,10,970
21130,69,11,1205
31025,12,7,682
12400,120,15,1538
13600,116,12,1203
36956,207,12,644
23658,146,11,837
8264,150,6,436
30400,164,9,868
2737,389,12,1286
32688,144,9,854
20652,71,16,1307
11045,147,8,759
29763,70,7,590
27169,128,12,1000
9282,128,11,1028
33176,137,12,1223
2267,177,14,1647
39539,405,9,701
9471,326,13,1560
29841,452,10,1037
20582,307,8,559
19565,247,12,910
14581,34,19,1934
16062,117,13,1298
5817,183,7,619
39524,392,8,634
9387,144,9,751
30912,73,12,1123
20771,204,10,989
25630,203,9,741
10571,153,8,880
11695,388,8,780
1774,514,9,699
13546,143,9,638
37658,107,11,1054
16596,213,10,860
28131,60,9,863
11301,512,9,681
20647,192,10,836
1336,162,12,1181
652,371,10,784
26076,430,4,340
32527,91,11,963
32310,409,12,1399
3490,124,11,1043
10801,152,8,665
5149,26,9,847
11215,74,11,873
5704,109,14,1633
39255,184,5,463
23160,115,7,576
11068,206,9,959
31964,141,9,826
27193,252,9,757
13957,157,8,1018
5459,74,11,892
7791,220,8,867
12666,86,10,1278
28154,99,12,1044
33287,350,5,306
7713,122,15,1616
10179,154,7,610
36234,380,8,495
27669,279,10,796
21464,210,8,919
39771,428,6,894
26725,74,11,1299
20184,203,8,685
29424,170,10,934
23027,125,10,1032
33518,275,10,908
36277,68,16,1378
4087,319,7,807
12701,71,9,644
31000,467,3,284
37212,62,9,997
2565,26,7,703
32680,115,9,804
8760,447,6,772
27260,85,11,427
68,52,10,831
21677,23,11,1182
15704,89,5,728
23912,219,13,1330
25469,118,12,962
34256,58,16,1425
31225,66,12,1303
8975,46,13,976
16289,113,7,782
20925,222,6,480
7288,85,5,650
23065,160,11,1139
2816,72,10,992
14436,327,6,1030
34071,12,11,711
18861,180,13,1017
4289,454,3,270
23095,322,13,1220
26482,327,9,681
25841,191,10,782
7551,514,8,766
15184,148,13,1236
5849,174,18,1669
22323,117,8,741
35059,276,14,1361
38984,330,12,969
14967,187,12,969
2755,197,7,748
4303,127,8,634
27323,66,16,1396
21527,77,6,666
17103,122,14,1366
6089,226,13,1307
27273,26,11,1427
27592,44,11,1234
39790,77,6,370
29888,14,11,1028
3272,95,10,649
29525,137,9,927
26726,149,7,836
29732,173,9,874
21759,184,7,466
4620,315,4,329
35620,74,7,633
33136,182,10,1022
29847,108,4,486
38726,125,8,865
26178,176,7,983
18174,309,6,710
8995,51,12,1249
29704,106,17,1804
14376,162,6,701
31782,100,12,1107
19949,36,7,818
34316,106,10,905
14708,175,13,1062
5543,164,7,553
25550,157,10,959
9162,207,13,1162
36373,487,6,609
2691,119,5,512
28742,69,12,1244
39749,224,11,895
34923,328,10,1164
8387,153,12,1042
15,410,8,631
22577,206,14,1473
39730,180,13,1564
3234,107,8,860
31485,347,8,1016
38114,141,11,941
15418,129,17,1736
25791,237,7,640
33187,92,12,1416
1960,211,8,660
4356,493,5,474
35780,401,4,180
21221,21,7,580
36183,96,9,949
30092,126,14,1288
34997,237,7,612
8593,215,13,1375
12964,135,14,1363
285,101,15,1500
17127,147,7,529
4671,234,10,676
30833,174,10,832
37580,233,5,461
13787,17,11,1166
26313,28,9,891
24681,111,7,707
7794,151,13,1033
35469,75,13,1339
2719,97,13,1321
33791,245,12,1299
22100,93,13,1449
9723,69,8,771
14981,60,14,1266
24048,20,10,902
2046,33,12,1327
24168,218,17,1349
25123,321,4,645
39128,124,12,1070
37171,69,10,786
937,149,10,664
31719,417,6,614
39345,253,5,576
17271,154,12,1254
22305,280,7,683
3563,131,3,334
4489,97,11,1144
845,90,8,820
28476,239,11,1003
32284,310,10,1282
24117,139,11,936
17761,509,11,1140
20124,522,7,503
33847,370,10,842
36344,69,10,883
2289,184,8,588
33149,166,13,1266
16274,180,13,1158
14594,58,10,1263
20389,264,7,956
15373,154,12,1231
4245,191,10,838
38506,133,11,1285
35224,122,5,292
31043,56,9,980
38634,359,4,478
5688,500,2,91
10162,489,9,886
19029,164,7,618
10988,159,6,536
18439,52,13,1002
18295,103,5,499
20132,145,13,1031
18241,199,9,632
21168,376,8,706
19973,66,6,405
3048,38,11,1041
5349,255,9,776
35000,178,12,1101
25712,163,20,1573
30233,163,15,1505
4969,254,5,559
1457,24,15,1682
6017,169,15,1548
18962,176,8,753
3766,90,13,1168
882,264,4,216
33866,193,8,548
11047,64,6,560
5489,73,12,781
20734,322,10,925
28503,269,12,1054
24225,179,13,1441
7023,241,8,861
25865,176,6,442
22321,432,12,1117
30947,70,8,837
8386,104,13,1019
4953,96,10,851
35798,6,18,1444
3317,71,10,1067
3735,96,17,1401
27887,346,6,554
32,175,12,1046
7275,164,10,1170
26125,170,14,1635
27086,84,12,938
23527,231,10,948
32272,503,5,569
37648,139,15,1270
36906,30,15,1361
38545,94,10,1117
6307,276,12,1627
11550,171,12,829
9378,119,17,1028
28293,14,11,992
7637,55,18,1423
1526,160,9,858
31068,129,12,1143
7512,120,8,876
34860,206,8,582
21938,182,8,1058
8946,525,7,608
17924,172,5,344
33395,247,9,678
15044,118,11,1029
21008,210,6,418
5892,66,9,1069
25893,488,3,243
37159,440,9,958
12993,265,13,1281
37147,415,5,486
18072,66,10,941
5013,37,11,974
9193,39,10,814
36900,164,10,1368
10259,61,13,1369
4961,139,11,927
28162,196,13,1647
30558,118,9,822
7245,195,19,2085
27308,94,16,1241
33230,195,11,1038
22629,377,7,654
18558,370,9,978
7780,156,13,1589
27454,174,15,1776
8694,103,11,1262
23715,134,5,585
6172,155,10,1239
33379,124,9,823
34457,186,12,1239
2,467,11,1230
19645,104,7,461
12068,194,10,1196
4215,455,11,1053
3414,164,18,1766
14838,219,8,803
10282,430,3,226
27,225,7,581
13882,268,4,381
4573,124,9,857
12345,65,9,615
4997,294,11,950
26865,27,10,590
12786,440,7,703
6379,172,22,2356
39760,16,12,1379
12328,140,11,957
7118,92,8,884
27114,195,12,1272
32791,265,7,548
23972,34,7,722
15343,211,12,1401
10629,149,8,823
10945,75,13,901
23593,203,13,1420
34209,238,13,1024
32795,123,8,849
4510,151,4,502
14796,468,6,596
33107,169,7,602
29457,153,9,755
5104,262,12,1391
15803,153,11,1022
13604,183,9,925
2777,67,14,1380
36173,17,9,804
5901,147,12,991
34795,113,11,1072
20594,93,13,1221
37053,530,12,1062
12757,165,20,2209
16219,151,8,767
38389,268,9,786
22249,102,16,1336
27376,121,10,840
14066,130,8,943
29824,100,9,766
4263,153,6,647
30523,116,9,913
30173,56,9,897
4836,470,8,626
9666,168,10,801
1186,41,14,1493
974,94,14,1269
18777,348,10,1099
36397,119,19,1879
17673,95,10,1009
17062,73,8,644
20351,234,6,685
1651,229,10,895
36611,260,12,753
31242,231,9,912
21264,332,11,636
1418,88,7,936
16878,207,14,1458
37220,139,9,904
24185,195,8,1048
24994,47,8,631
27795,72,13,1091
31580,205,18,2271
17530,408,7,401
22845,40,9,1044
22120,40,9,592
6218,132,14,1266
11556,19,13,1360
21827,254,9,786
1003,280,13,1474
14931,223,11,1269
7408,108,7,802
6942,216,7,674
642,47,16,1346
15293,171,10,1119
22097,56,12,1314
1234,138,6,400
2600,571,4,362
125,375,20,1823
8728,220,7,486
9610,86,10,1209
4537,142,14,1193
7017,470,5,415
9745,34,9,908
5520,147,8,834
24925,141,13,983
3314,131,13,1132
11850,137,11,1060
23646,6,11,1125
21145,79,11,901
19891,121,5,459
8645,514,7,585
180,173,9,659
31046,417,12,1097
22809,133,11,561
24962,34,16,1606
35968,182,8,583
16997,94,14,1752
28880,59,8,1131
10305,190,6,445
28438,96,9,953
20879,290,7,418
37927,236,5,549
30649,103,13,1487
28953,346,11,902
30747,234,11,1298
49,150,10,1191
39056,158,10,1094
5120,23,10,902
15600,56,7,686
39377,92,12,1365
19174,106,11,939
8703,113,6,509
12415,49,5,352
32253,167,9,813
36571,393,5,416
35791,155,8,875
6105,303,7,388
21302,294,11,1000
7353,307,10,660
19128,157,7,611
7894,173,7,822
14386,236,9,861
21251,175,10,1028
26497,13,9,852
20041,104,13,1226
38800,149,11,846
6298,206,7,509
18139,269,4,415
20941,209,6,577
624,87,11,879
26995,166,5,394
23865,163,8,508
22778,74,11,1048
28242,236,9,1177
21641,65,11,1197
5830,150,9,726
25419,208,8,686
8320,172,10,881
36688,312,7,542
11527,141,9,1049
16010,519,5,373
2486,197,8,697
14057,172,10,952
37217,48,11,966
23030,147,12,1199
11800,131,12,1261
11826,82,8,1008
7996,190,14,1106
15525,402,10,947
37391,200,13,982
30552,52,13,1280
25179,207,12,1045
39219,56,18,2447
13673,105,13,1061
38797,188,6,498
15197,46,11,1172
16296,229,9,1139
22156,463,10,1110
28804,208,9,880
20678,367,11,625
32294,619,4,519
25480,183,8,626
29039,113,5,665
5207,121,9,745
13160,345,5,267
16689,464,8,931
37527,230,6,543
4145,95,14,1279
22679,87,12,1404
33770,250,7,618
15852,129,12,1297
34740,479,4,466
14742,132,7,631
8162,393,10,432
33874,271,8,842
34613,279,5,409
18250,329,12,1292
23571,2,9,1230
39832,304,10,1104
3976,440,6,326
21819,292,6,800
38360,242,6,502
32098,237,11,789
39617,188,11,1020
10560,88,12,1532
17873,19,4,340
10230,247,7,822
32646,161,12,957
32008,156,9,773
20978,78,7,655
28259,219,12,1390
23218,126,9,1059
7808,263,4,434
24455,153,11,1102
15416,88,8,928
39984,91,17,1378
6337,110,14,1226
15764,26,10,1182
19038,181,9,1139
38375,310,5,594
2140,181,10,917
70,156,8,1181
7252,78,7,603
10744,497,7,708
37254,189,11,887
16606,309,6,360
31015,447,11,1262
6556,85,8,662
38343,92,13,962
12509,153,10,1241
28917,230,8,706
13955,289,10,738
12968,16,4,237
38090,40,9,773
15716,95,9,840
6729,19,9,1189
17718,72,9,1070
11854,60,14,1464
37438,254,4,211
19273,211,9,842
33606,275,15,1347
18829,131,9,797
20638,50,8,787
31982,489,6,581
15402,160,9,793
12054,218,7,376
2332,115,13,1394
26333,148,11,901
2005,49,11,758
2806,20,14,1340
13463,483,6,363
37227,195,12,786
12221,560,7,401
12014,538,4,432
26419,30,11,772
4723,37,11,939
24175,385,8,778
13644,74,11,941
22837,30,10,1130
19070,128,6,552
3534,369,9,1139
15993,56,11,1392
26231,245,10,1134
14749,51,8,747
29710,355,7,888
34622,245,13,897
6432,30,8,725
28991,104,4,309
1437,456,5,497
24550,128,8,886
11231,258,9,810
10603,47,10,900
32811,168,15,1628
29911,128,10,762
26210,42,13,1280
6599,60,8,974
34011,183,12,993
32418,67,14,1515
6862,281,14,1561
32308,31,17,1492
20820,89,6,418
15952,269,16,1437
7341,71,10,1063
19257,154,10,777
28757,130,11,1124
3008,454,8,1062
28374,212,7,649
22274,390,3,482
39943,220,9,991
38739,122,12,993
10690,120,6,695
31055,54,15,1643
12896,196,9,1006
31107,122,12,1364
14454,324,14,1282
26066,122,5,314
36434,104,9,786
13637,403,9,890
25715,110,10,978
25608,225,8,807
36273,28,18,1864
31986,183,10,904
34379,119,10,893
27383,17,7,593
37513,21,10,906
5906,87,6,565
253,211,9,895
15472,7,10,797
9011,123,13,1366
2205,233,12,1033
4385,197,13,1440
32645,41,11,1217
19972,76,6,493
4062,82,10,836
31630,373,9,654
36603,18,9,834
7542,132,12,868
31811,208,10,1118
31056,236,11,831
2670,156,10,868
20837,142,14,1411
20737,135,11,1074
36033,62,10,1072
27543,462,9,911
21313,477,13,1364
16323,222,10,1007
17093,170,6,584
3211,59,7,603
38999,108,8,963
12148,267,12,978
1879,209,7,641
12532,140,7,972
18147,97,7,595
39468,93,11,1068
26405,285,8,873
4235,49,12,1431
23152,452,9,1043
31538,41,10,970
35358,152,14,942
20281,160,10,975
25408,316,8,810
31883,57,11,1285
27148,606,10,1344
194,100,14,1639
23038,124,10,729
34360,201,6,368
38340,4,8,682
25754,132,9,711
31260,148,10,1149
13300,148,12,886
15350,179,9,780
21815,10,7,661
20735,219,10,916
692,192,13,1124
38729,87,13,1132
15601,126,12,1172
36676,259,5,576
33540,74,10,964
29773,137,12,1252
39784,28,9,982
30518,32,6,679
18164,455,7,464
26407,241,14,1345
2428,310,9,693
14001,409,12,1583
39291,216,8,912
24722,136,10,1010
31210,410,9,833
16592,38,14,1306
23182,66,6,756
13728,29,6,593
32202,273,1,33
27653,250,11,1065
29442,136,9,921
4065,435,14,1433
16090,81,11,974
10432,204,11,1106
7962,75,7,894
7879,232,9,1046
1854,451,4,377
3488,243,9,672
19931,331,7,743
2466,68,13,1521
13793,51,13,1384
29460,310,13,1309
26583,202,7,925
19899,311,11,1160
39494,307,8,886
7375,53,15,1288
14582,179,8,799
22374,8,9,748
29330,433,10,891
28824,185,11,954
6007,72,7,691
10585,436,8,511
32793,508,4,475
38836,147,4,344
18426,229,8,623
28797,380,6,547
36190,504,8,805
8722,296,10,995
1425,64,12,1126
11879,114,17,1575
11875,89,16,1654
25869,71,14,1150
33413,419,10,772
27261,438,11,941
2143,182,14,998
29378,455,7,549
7332,211,13,1087
11466,131,10,1034
7124,63,12,1459
8454,18,8,865
7539,54,10,998
26589,137,9,773
7333,79,5,524
32234,174,14,1480
348,166,5,421
24811,65,16,1859
33204,119,5,771
933,113,13,1304
11309,119,11,1002
32082,184,11,992
11737,180,15,1352
16383,132,12,948
30753,74,11,1175
11016,318,13,1361
24761,200,13,1084
9298,73,16,1877
13370,49,13,1109
13278,72,14,1584
1816,57,15,1268
37167,160,15,1671
27264,10,7,455
37485,59,6,560
38593,149,7,768
21669,543,6,646
29969,201,12,1111
10251,345,10,993
17445,40,11,1082
16184,182,11,864
16105,526,7,440
17201,140,5,352
15684,156,7,887
14853,123,5,667
31875,169,10,842
30709,21,7,777
4341,42,20,2100
32626,199,9,851
38570,65,9,801
2322,182,6,580
1931,38,9,660
12843,97,15,1939
7273,158,11,1312
39544,191,14,1159
3075,93,14,1403
23269,163,12,1102
15713,286,9,658
13968,175,15,1294
31904,93,10,823
9088,489,10,1256
32155,345,6,729
24126,117,8,508
16989,444,7,566
13019,83,12,761
11641,359,9,1062
33017,144,11,941
33210,116,7,833
30359,422,7,663
36041,121,12,1094
35307,91,12,949
24649,255,6,446
39980,36,14,1494
7736,91,12,1144
15177,16,11,1025
25192,171,6,601
10512,146,8,940
36848,262,7,407
2847,183,14,1401
2133,141,18,1499
10229,447,9,758
35886,451,5,536
3095,35,12,930
21844,374,11,1143
8727,121,10,928
37131,77,7,537
32259,299,6,587
31584,149,9,1010
17233,73,12,1264
25545,135,9,1065
25306,57,10,771
5557,10,5,497
29631,71,8,915
36499,345,8,770
10119,88,11,746
6823,85,13,1057
14475,254,12,1005
20293,57,4,458
6981,106,10,1336
19703,36,4,462
1612,83,10,1177
32170,310,2,133
31941,334,6,546
19636,87,14,1097
8469,233,10,961
37408,13,9,939
1589,12,10,854
24511,142,14,1293
18104,98,14,1608
28044,228,9,825
27218,167,14,1424
19755,180,10,834
14941,140,5,657
28040,380,8,589
5692,228,10,1384
39250,23,11,1063
39404,132,12,923
7402,46,11,1420
14264,57,18,1851
14880,116,11,994
23778,78,10,871
14081,135,11,1278
14505,55,11,1351
26817,156,8,654
22914,318,5,381
8153,181,14,1368
37079,147,12,1517
24426,551,8,739
5618,208,10,910
5130,153,14,1500
29181,296,7,459
7172,37,9,578
31161,90,14,1245
20235,76,9,770
36939,69,8,1178
14105,107,14,1274
1164,92,15,1665
24497,89,17,1632
18838,5,12,1156
28524,131,9,1028
16246,132,13,1106
10170,164,8,1066
372,213,11,1109
26140,160,8,601
36654,448,8,718
22550,82,11,1309
28405,224,13,1064
36019,76,4,312
15403,422,6,866
15317,150,10,1232
14576,40,14,1546
963,120,9,662
9023,92,10,948
33597,291,8,718
5987,181,7,698
5613,83,6,529
8287,167,9,798
31870,93,11,938
39970,98,10,1311
27374,204,9,991
13410,101,9,999
39471,60,10,825
114,80,13,1503
39423,198,12,1543
20269,119,15,1295
2835,109,10,706
9082,44,7,727
21395,66,16,1255
6648,24,18,1400
33071,568,7,538
23885,86,7,648
16461,73,5,483
17359,117,13,1168
15009,97,11,843
29410,20,11,795
19081,188,12,1062
9320,3,13,1319
31200,462,3,171
25839,286,9,1012
18302,55,13,1279
6994,166,9,772
14624,100,11,951
8185,20,11,1137
38701,79,9,970
8984,130,16,1366
31900,128,15,1321
26118,48,12,1410
25569,148,10,1211
25746,122,9,821
32296,67,12,1354
30481,281,10,942
25013,104,6,595
19767,153,5,550
9538,167,7,544
8291,98,13,1190
7956,59,13,1416
7283,188,7,572
15620,422,9,907
31527,281,9,1007
37370,470,11,1206
37600,134,9,896
3612,17,14,1469
33043,91,6,520
32763,13,8,645
32895,39,8,612
10722,102,7,541
1048,100,10,809
23600,391,7,876
38707,95,14,1680
9084,224,12,1144
17118,44,10,1068
11603,181,13,1478
34804,114,8,614
5941,282,10,951
17096,205,8,795
6052,47,8,684
29954,219,13,1370
1377,123,10,1051
6125,221,13,1400
11265,466,9,835
35744,175,8,878
39575,140,8,759
29511,144,9,886
9944,167,6,487
2611,129,12,656
25144,93,9,809
7213,99,6,739
19575,98,12,1143
30381,399,10,1117
8586,224,9,1025
30634,306,13,1349
22392,114,9,825
24510,270,6,828
20851,386,3,256
14591,69,10,918
21114,362,8,646
20952,473,6,581
10339,489,6,897
15232,193,13,1186
18256,106,13,1197
36651,318,12,1320
37277,386,2,127
33771,460,7,372
12630,189,9,769
28819,57,6,480
18136,166,8,535
1282,109,10,738
30608,87,11,1428
12132,348,11,1436
28891,70,11,1036
36608,184,8,824
36680,193,9,840
21282,73,10,1104
20661,90,6,457
11633,130,11,797
29500,67,12,1065
26693,33,15,1553
33138,215,9,949
39819,461,11,945
20557,102,11,1140
17073,21,10,853
15870,193,7,614
4901,445,6,710
37700,437,10,969
11493,221,7,820
39798,62,11,909
18332,113,12,1202
5445,99,12,1310
10075,170,9,750
34166,92,10,1181
18216,316,10,929
19499,144,13,1130
30270,266,17,1674
27547,160,7,847
36113,409,8,560
29225,367,11,1159
39197,460,7,1028
34592,236,8,535
7577,191,10,1212
21546,183,3,193
29527,192,9,831
32126,95,11,883
13719,165,8,779
1185,138,14,1217
31111,160,10,1234
36312,66,9,702
29200,93,16,1366
30134,504,10,747
21016,160,14,1794
27733,168,13,1233
7557,360,15,1311
15372,66,10,1147
35277,206,10,1146
22754,171,7,417
29539,193,4,367
27778,141,13,912
27254,231,5,622
10714,261,8,493
18798,380,7,519
18944,383,6,502
3846,164,12,1327
20044,181,12,1450
33284,110,7,743
15734,104,10,1228
22070,261,8,521
2595,199,5,683
27301,60,8,670
7829,112,11,1056
21557,80,11,906
23388,72,14,1386
23980,243,12,1328
37815,73,7,526
19011,117,10,1202
24728,75,16,1153
15690,47,13,1275
15540,121,6,610
38661,176,11,891
37570,48,15,1445
12544,111,6,282
19777,127,15,1660
28046,170,13,1293
12177,79,10,680
1780,55,10,940
21368,180,10,1087
27529,192,9,1009
33327,375,5,511
18718,171,8,666
15345,102,13,1011
34663,87,18,1781
646,19,10,869
21913,101,10,1203
29241,93,10,947
25903,184,5,491
39918,136,12,1039
19673,43,14,1504
5636,242,13,1681
26315,58,13,1507
14854,289,7,597
28867,156,5,626
32804,210,6,680
35894,162,10,905
13080,72,13,905
606,116,8,597
17114,21,7,434
23001,181,12,793
5098,90,11,896
17822,112,13,1274
39629,203,9,707
3659,74,12,1022
2785,108,8,792
39704,26,6,875
16495,395,10,773
16562,73,9,506
37504,202,12,1183
20503,519,11,1046
7865,100,10,1032
15974,144,11,1016
11195,210,9,1066
30054,216,14,1516
37617,233,7,1025
23581,440,6,405
21554,88,11,1228
36553,91,12,1179
35430,350,8,466
39461,99,10,669
24086,562,3,288
32398,252,9,878
37074,18,13,1250
3555,111,9,816
13237,227,10,731
38313,151,14,1593
35963,10,10,903
24491,261,12,1281
13372,268,8,684
37910,262,7,883
17898,294,6,720
12698,172,14,1087
14431,170,5,594
19926,51,12,1208
11333,433,11,1146
20838,79,10,1073
28807,170,8,729
20485,231,6,635
31557,221,12,1619
7170,160,11,1023
7706,179,11,1123
34164,385,10,1061
27281,284,9,1144
37629,339,12,1110
22715,103,8,748
21766,114,5,576
6243,77,10,952
22179,21,13,1434
38206,493,5,438
20998,184,9,612
32593,351,13,1425
35396,287,7,758
16635,148,7,629
38371,87,14,1504
11462,196,14,1550
14773,111,16,1524
12848,150,13,1494
38095,59,9,864
35645,163,6,362
22736,160,8,586
25517,78,11,1117
29411,103,9,778
33326,59,2,166
22406,238,11,839
32255,113,11,1454
32440,59,15,1357
37015,234,8,794
18758,224,14,1049
16533,140,8,648
22901,106,11,1031
671,309,6,750
20434,426,7,502
23841,77,5,416
37194,295,9,565
3329,184,13,1447
960,50,10,1151
3718,91,9,1005
31661,36,15,1776
629,127,9,899
1896,364,5,518
20675,101,15,1438
26682,224,6,366
3004,143,12,1373
17752,236,8,719
27491,403,9,834
27976,66,11,1439
20080,40,10,595
27598,284,12,1152
1902,99,7,730
23138,148,9,1412
1666,138,16,1256
25525,483,5,532
37529,217,12,1557
28221,823,2,131
23411,26,8,653
16509,174,8,1003
13794,146,4,425
39283,530,8,805
14932,295,8,724
30154,93,8,791
21349,210,10,1006
38002,835,3,192
10909,112,10,832
23428,49,8,910
22190,175,8,857
38218,285,13,1245
8058,56,17,1953
4877,176,11,695
19523,160,12,1163
34750,179,12,1234
19968,147,13,1429
12216,31,12,1406
18805,133,13,1385
27282,244,14,1226
37966,2,9,955
808,59,12,1021
16420,175,7,681
14177,184,9,1005
18505,499,6,447
28954,130,11,987
21062,191,16,1200
4509,32,10,1270
36101,104,6,490
21491,286,11,862
3786,585,3,346
16925,141,7,683
31593,317,8,575
21291,168,9,642
31292,541,6,412
39641,5,19,1743
29980,82,9,719
21457,155,10,1138
39630,204,12,1316
13055,95,12,757
16809,133,9,775
31525,35,10,930
11225,198,12,1086
19874,199,14,1466
6128,69,8,754
9608,428,6,360
29509,148,12,1001
27628,231,12,1106
9097,42,13,1028
21963,131,9,701
16982,94,5,499
2495,260,10,1148
32139,119,7,932
7020,170,10,1002
38120,469,12,813
18090,202,9,975
25269,59,9,1138
38094,88,19,1981
9404,129,9,933
1256,53,7,668
8855,224,14,1231
2407,234,10,802
8988,142,9,923
31970,62,8,597
32167,169,14,1391
20331,52,12,975
36572,408,13,1588
33878,128,19,1412
23835,218,13,1543
13587,113,7,551
13206,221,8,488
19077,379,8,925
27420,134,10,705
8074,87,8,504
25228,47,8,843
18730,147,8,655
9828,501,9,690
2473,358,5,449
27329,494,13,1033
6807,435,9,826
16145,133,7,697
4840,143,9,467
30281,236,12,1152
34087,242,8,762
37986,48,9,735
18931,229,9,935
34738,103,10,1039
38905,229,7,593
379,174,7,667
5943,30,9,1072
17614,101,13,1423
24803,442,9,779
12545,744,4,403
26484,132,7,509
24597,35,14,1605
1807,486,13,1426
36617,180,6,358
36458,425,8,716
22227,263,15,1757
9740,591,7,575
2751,195,11,1109
32960,140,9,589
35486,15,8,559
16755,107,10,741
25067,58,10,919
23236,301,9,683
13832,329,9,908
32865,82,10,1181
10591,101,4,714
4823,128,8,636
1749,310,6,505
5932,119,16,1160
12485,162,8,872
8950,189,6,450
27690,322,5,310
14868,135,14,1157
35488,211,8,422
27974,114,17,1727
38953,450,8,699
34334,291,15,1583
33622,58,14,1555
11190,157,10,1126
3920,138,10,845
22891,4,11,1411
28392,316,9,782
20696,183,10,884
36232,87,15,1481
6718,160,6,749
2779,92,16,1781
37259,565,4,343
1439,140,5,443
16757,149,14,1491
26992,148,17,1479
15526,42,10,1032
23145,72,9,764
6009,53,7,554
18247,156,10,1057
26700,239,7,612
22438,35,9,678
1935,208,13,953
15820,218,6,664
33245,127,6,671
36085,167,14,1157
35305,140,7,487
38109,69,7,691
16722,115,12,1063
22020,396,3,262
37915,84,13,1508
6020,66,15,1478
706,170,13,1397
29231,442,9,635
5041,294,12,982
2316,43,18,1854
15650,210,4,235
34969,101,9,812
16587,9,12,741
39054,115,10,703
17081,186,9,977
21461,210,11,1430
8563,483,6,708
9511,554,5,509
14663,65,17,1376
31118,83,7,731
4602,118,5,564
3750,311,14,1056
5059,213,10,823
22111,9,13,1197
841,79,7,808
4484,211,9,749
37573,74,12,1121
4242,174,7,785
35045,175,9,768
11483,237,11,981
185,92,8,900
4300,394,10,969
22536,145,18,1794
10370,223,16,1604
19470,116,14,1274
12259,72,8,884
22050,92,8,1012
22992,469,6,644
27987,102,16,1462
29554,61,10,506
21355,61,7,523
2900,168,5,446
28311,16,12,933
18109,130,7,388
35898,155,10,1199
15956,565,7,684
38082,324,9,767
32696,270,11,668
13631,133,12,1100
4630,197,7,698
20688,60,7,516
23367,230,8,445
6915,202,10,829
19021,32,7,643
10852,168,9,1092
20752,100,7,1086
29695,222,8,449
34823,322,9,1072
35684,182,12,1260
505,261,14,1289
29579,161,11,898
9928,91,8,739
14770,126,6,459
4144,263,13,1316
33983,231,7,939
1671,346,7,645
5826,171,12,1129
34713,157,10,840
3628,181,9,930
17571,153,10,747
1146,115,13,1197
8246,214,8,681
34805,29,10,1087
15865,107,11,1285
38986,127,5,410
20290,147,11,1270
34465,144,10,858
18937,253,12,968
11351,150,8,747
12063,11,11,992
37192,46,11,853
21916,164,5,510
32465,128,11,950
17819,382,11,985
5782,219,10,1148
21100,165,10,1323
30716,258,8,847
12554,499,5,505
34208,158,11,1145
11643,373,3,265
34150,212,13,1056
20747,320,7,758
26258,205,6,654
28145,42,16,1231
17763,176,10,712
20156,127,7,574
34197,352,7,812
25677,300,4,216
20867,114,7,444
34127,201,6,493
36967,70,8,597
14315,56,8,803
26918,159,13,1584
30999,12,6,446
7654,497,9,666
11436,271,9,854
21575,484,5,656
8372,286,7,652
2380,186,9,819
3323,200,17,1884
39849,454,12,1003
20903,117,9,944
4488,163,10,905
19982,567,11,705
13545,46,11,1283
29234,169,14,1378
15135,48,10,1176
29614,83,12,1200
28853,179,12,1102
9801,195,13,1410
3214,55,11,1201
29165,17,11,1053
14125,99,13,675
22451,94,13,920
2759,430,9,760
2520,141,9,791
17416,209,10,956
5025,17,7,760
24220,308,9,791
9322,163,9,821
29929,125,4,227
2720,125,12,1244
36369,114,8,791
22661,187,11,1181
17373,434,9,1193
17657,53,13,1571
8909,311,8,853
32549,446,5,452
21289,114,19,1708
37448,234,15,1103
20615,229,7,747
36039,226,9,947
313,137,12,1255
22954,489,5,700
18694,157,14,1379
29351,116,12,845
37992,72,12,1331
34345,50,10,818
29182,4,12,1128
36670,77,9,818
19321,36,8,700
24060,163,9,730
12395,52,7,700
2142,156,10,793
33433,75,10,1046
11650,163,13,893
1266,46,8,856
30032,43,15,1459
6927,177,7,622
28588,55,11,1034
28538,157,16,1249
4025,101,10,824
30638,64,5,538
8028,317,8,538
6002,119,12,1004
39804,49,11,1121
6537,395,8,555
13030,189,6,438
27785,79,13,1132
12397,122,8,723
38865,509,7,577
106,136,10,1226
11865,269,11,1201
25847,72,10,705
15867,473,9,803
23100,127,5,562
28865,3,15,1203
14153,161,13,1262
16190,467,6,680
22732,350,6,209
39032,255,6,547
8612,35,8,605
1170,106,11,871
26411,81,14,1358
22830,199,9,1067
22828,158,13,1064
11970,111,13,1381
8384,176,6,664
11099,179,11,1081
2639,171,12,739
4844,26,8,579
20804,194,7,760
29514,44,9,1151
1646,212,9,755
14692,91,13,1120
8940,186,10,882
32348,121,9,868
29752,153,10,791
30454,112,12,1226
5027,229,6,559
13573,53,14,1156
2096,158,10,1017
7028,113,13,842
4670,286,12,1394
25561,124,12,1217
23735,401,7,479
21852,224,8,630
23961,179,8,780
31323,73,6,442
34096,485,10,1036
39198,176,12,1296
29913,90,9,986
30755,48,11,999
24988,96,8,1096
36081,110,8,945
34815,148,9,904
8364,471,4,242
24490,41,12,1377
16191,699,5,316
36179,176,9,460
30615,138,6,558
38853,28,18,1868
20530,488,11,848
13747,51,10,773
8873,60,12,931
6590,16,15,1620
39589,496,10,632
8092,233,10,961
1784,213,7,639
19511,15,13,704
25621,8,6,866
10464,157,10,847
16144,344,17,1471
35350,146,13,1175
21240,311,6,699
20028,167,11,1020
19370,108,8,1170
36962,140,7,690
26864,124,11,1410
26914,128,10,919
11186,144,9,699
38101,298,7,675
25910,185,7,707
2529,102,15,1479
10779,53,12,1324
27309,81,7,813
1624,40,11,979
4942,36,9,989
7434,168,5,236
5677,243,6,546
24169,427,7,566
9912,101,9,554
536,113,12,1026
6500,255,8,736
35038,530,5,651
39386,169,12,965
20131,23,8,917
32136,32,16,1411
5063,233,13,1006
27713,22,12,1269
23840,197,14,1632
24009,124,8,720
18127,127,5,317
838,51,12,850
2403,137,6,770
20439,499,6,737
15020,185,9,722
27852,184,14,1225
2879,289,8,908
33835,169,7,715
7061,371,6,484
34528,143,8,717
19897,191,8,713
25996,185,16,1475
34491,187,6,740
30193,82,14,1218
13399,258,12,1102
25546,418,8,823
31739,36,10,997
34232,155,12,1466
16777,480,3,402
31098,27,13,1316
13886,118,13,1560
2533,322,7,893
14794,78,16,1405
30256,4,7,574
22807,114,9,940
10360,127,6,652
27828,149,12,860
32705,95,17,1476
39308,186,9,635
26645,433,12,1081
29434,15,9,675
10884,378,9,1038
15216,155,15,1640
1970,415,6,446
23899,116,6,467
24492,529,9,961
24092,114,17,1079
978,206,12,1225
30348,184,7,662
32504,222,3,248
11212,127,10,1020
39532,6,14,1304
31534,166,9,877
7470,201,8,851
32302,70,12,799
21603,93,7,781
23356,472,9,766
36859,412,11,984
21721,280,9,1024
6901,167,12,789
13283,421,7,705
3189,407,8,662
7655,621,5,219
38326,165,6,458
22690,391,9,1051
35274,46,10,1394
11142,3,12,896
30987,21,19,1781
12382,587,8,1075
21683,252,10,949
7035,62,11,1354
10698,382,7,418
8497,335,11,805
14752,213,10,865
18523,222,9,718
25587,46,7,751
10341,358,5,648
16876,131,7,461
7086,358,11,1231
12362,245,14,1431
10407,93,15,1509
16018,143,8,1013
8662,87,12,1097
18827,79,12,828
34903,26,10,980
37761,92,11,985
19850,339,8,648
9482,82,13,1266
33012,130,12,1120
4231,374,12,1340
39482,87,8,523
13758,64,14,1268
14092,104,16,1411
38587,129,11,1075
6374,62,14,1572
27305,25,14,1113
8640,12,22,2383
35101,100,10,815
31521,232,11,891
36549,372,12,1070
17704,105,8,1054
39106,44,8,621
31968,137,13,1036
3206,107,8,914
1631,250,10,1068
12307,293,8,923
31717,186,11,1172
32565,72,8,495
33076,104,8,684
23643,414,4,278
1897,70,7,737
21476,21,9,979
3130,130,13,957
14553,206,10,842
25213,96,10,1187
21885,113,9,807
33270,501,8,531
1866,48,8,960
27163,283,7,614
16586,35,14,1601
11934,35,7,502
35872,224,8,688
29828,253,4,170
36381,73,7,721
11595,81,4,412
35322,459,16,1533
13094,133,9,904
7756,131,9,777
38244,102,9,922
17697,285,9,758
2416,34,10,756
1360,473,8,808
1108,125,7,688
20942,212,6,468
34141,136,12,1512
30267,131,9,975
33830,174,12,1293
3068,451,6,661
19062,157,10,834
30953,209,10,1021
13106,523,5,394
16764,438,13,1225
7274,87,6,506
39546,23,11,1098
28264,181,7,744
28198,135,12,924
15568,242,10,974
29298,84,8,732
21116,112,9,784
10347,99,12,1148
28747,77,11,805
8981,198,14,1404
14130,151,10,1175
28558,569,2,123
15856,11,12,1283
7217,14,17,1480
35654,200,3,106
19318,12,12,886
21017,513,7,528
3278,173,7,972
5071,12,7,807
22915,127,12,1314
37748,60,7,674
31761,106,10,945
35605,52,12,1328
33975,152,10,997
9116,159,10,816
13784,213,10,931
1597,39,11,1279
28180,111,8,721
5795,106,15,1348
8098,157,11,911
12562,131,8,774
16651,59,7,357
39475,369,3,279
10320,39,9,848
8091,121,6,354
19227,105,11,1283
16630,164,5,683
24928,188,8,846
3580,158,13,1599
14778,180,9,1072
18355,22,16,1213
5134,171,11,1339
11562,43,8,784
26243,161,13,1429
27324,93,15,1384
37639,95,9,739
17150,430,7,778
20666,167,11,1014
9086,6,10,971
5878,201,11,748
39994,483,4,514
30942,147,9,782
20955,21,8,620
23739,89,9,791
38564,29,11,860
25932,123,15,994
38282,10,11,1043
31790,152,11,1024
4524,203,9,545
22741,256,9,922
23775,128,11,1180
12478,116,6,615
5512,532,5,266
32475,303,11,1222
2110,248,8,862
27075,21,16,1469
14946,928,3,378
2642,73,9,690
28485,156,10,600
5160,132,16,1390
25776,50,14,1451
10087,192,15,1137
14047,33,10,1082
30374,26,8,848
32337,212,4,239
32419,196,11,1425
13742,329,10,816
7608,241,14,1305
33085,408,14,1563
9890,448,8,946
19168,19,14,1317
18049,355,13,1209
5301,133,7,708
7700,197,8,894
19714,120,9,992
26642,15,13,848
16008,528,7,522
3876,92,16,1451
5183,231,7,654
28913,155,9,942
18202,21,7,523
12160,537,7,399
38293,98,11,934
7194,281,9,719
36090,47,9,1181
33621,332,7,772
18180,360,15,1864
23525,98,5,364
26587,186,6,539
8861,42,6,582
22099,189,9,833
4194,77,13,1508
35351,117,13,1549
10790,245,10,861
37726,109,9,576
28426,172,10,455
27095,183,11,945
1112,405,8,871
7710,60,8,877
38072,304,10,812
12658,184,12,729
1609,89,15,1206
13484,137,14,1731
28045,136,10,944
25299,236,9,921
27848,38,18,1629
17325,201,10,743
5110,214,10,1060
28836,30,15,1928
25951,152,8,487
20059,87,8,929
10131,142,14,1226
12918,44,7,728
18478,106,15,1223
27654,104,10,1069
24780,183,11,829
9209,263,8,1003
35201,120,9,795
33777,77,11,823
14502,81,10,791
6694,47,11,1305
23171,474,6,616
18467,159,9,994
25059,157,12,1126
3567,123,12,1125
7247,44,11,1227
6201,164,12,877
20360,82,7,533
37419,291,6,442
17121,210,8,623
5661,81,8,695
6760,184,12,948
12720,120,9,745
2273,96,9,1046
459,81,14,1298
16772,138,10,874
38655,163,11,1084
33509,205,6,555
39852,595,8,752
38200,199,6,360
35296,151,9,839
18080,133,11,1032
27513,86,11,1230
1616,164,16,1529
12659,122,13,1323
18957,204,6,384
15914,111,10,1204
35653,168,12,755
17317,88,14,1424
35251,100,6,466
4220,52,7,750
32070,185,11,1222
2186,73,12,812
7857,418,11,1185
8826,196,8,684
10279,120,12,1510
37304,203,5,511
1665,151,8,737
33692,501,6,863
27222,36,11,874
29333,57,11,963
28994,397,8,806
4366,79,11,925
2681,72,15,1201
27240,172,10,1021
33861,399,4,380
1851,60,11,1199
1092,145,10,962
13858,238,4,303
30251,355,9,895
23219,91,9,974
34228,240,14,1313
34264,109,14,977
1002,178,12,950
9224,35,11,897
18572,196,16,1215
19997,83,11,1160
39752,122,12,1321
3889,244,7,666
38468,179,10,933
9427,477,10,735
27446,590,7,476
37656,48,11,636
15776,156,9,865
24152,5,11,996
22549,273,5,303
266,112,10,766
39828,121,5,374
22223,48,12,1188
36509,185,10,1257
24598,138,8,484
16877,215,11,932
33113,87,14,1378
7708,423,13,1144
22383,11,7,661
13353,85,7,536
22991,76,13,1088
13716,135,13,1090
11356,53,9,901
32962,4,7,658
11000,129,12,1456
29905,160,8,657
22982,361,10,800
34543,135,7,727
15724,175,17,1488
37714,118,10,1002
38820,261,6,604
16337,104,12,1378
17246,98,13,1570
23275,163,18,2102
21136,160,9,1027
20087,78,10,1086
35909,325,13,1430
34434,111,15,1398
4492,36,15,1694
8800,256,11,1229
19983,164,9,986
36890,142,11,1025
694,63,15,1343
16244,124,10,876
8221,60,7,496
864,320,12,1126
26789,476,5,544
37103,56,11,1129
4691,65,12,1214
10004,394,14,1214
11145,113,10,828
28256,122,9,1219
13345,195,15,1222
9543,94,9,790
4686,146,9,856
35273,175,14,1269
37649,67,6,707
37308,233,8,929
29445,73,11,994
19618,260,12,1089
3160,49,14,1576
4855,145,12,1218
31828,152,7,911
6841,182,7,641
21030,254,12,770
39490,447,7,825
37253,479,8,908
11706,313,8,598
31733,288,9,945
27829,437,12,1207
2048,46,8,812
6356,77,6,551
39835,109,8,966
1614,102,17,1287
38508,40,11,1360
34907,60,8,1179
19856,93,12,1034
25622,175,9,985
36716,82,9,964
31164,209,10,1034
22935,203,9,940
15739,382,4,481
703,231,10,918
17419,102,9,747
24538,334,5,507
38822,134,13,1205
23852,17,15,1330
21243,140,9,1147
9582,52,13,1169
10686,98,7,784
17977,192,10,911
5675,111,8,771
32260,34,9,663
27287,158,11,1171
24031,198,8,714
5340,172,8,893
31844,168,9,1047
38754,524,6,351
17426,538,4,470
19476,18,8,983
37800,143,9,779
35878,98,4,504
4892,610,3,155
24667,595,7,381
38863,39,12,880
2069,165,11,1116
37230,72,16,1357
2195,392,7,656
18845,203,11,665
7184,11,16,1479
33554,214,12,1015
31678,220,10,921
12287,144,15,1250
12622,301,4,571
1199,337,12,933
2120,65,6,620
16634,503,6,632
22639,156,11,767
38530,79,5,410
28561,133,8,886
8476,92,8,830
12795,169,9,748
23757,217,8,968
28590,143,12,1087
11976,78,10,1156
15445,152,11,1101
22045,441,10,979
10882,95,6,529
27112,4,10,877
255,124,15,1461
3270,131,11,980
17882,128,8,657
26413,110,8,784
21360,205,15,1571
36157,74,7,681
3652,243,9,694
3605,515,8,843
39390,144,14,1576
24705,111,7,724
10743,60,7,653
34581,27,12,883
32999,70,13,1287
11088,430,10,1052
35519,237,6,587
5359,100,13,1104
23273,299,5,352
13785,473,8,651
26940,86,11,1263
29914,92,13,1418
7378,49,13,1588
23249,27,12,1131
5064,135,6,701
36704,446,7,368
24316,134,8,882
37959,216,15,1200
11433,249,9,440
22625,56,11,1081
14913,144,11,1020
1979,6,13,1282
17984,361,12,1227
16408,114,9,810
32160,105,9,653
30841,134,10,728
19188,225,7,655
17774,145,9,683
22532,141,15,1795
27766,149,15,1395
11368,153,6,534
28058,64,11,1209
11125,164,15,1542
36292,95,13,1107
20968,146,13,1281
31264,386,8,682
35686,356,8,857
28235,108,14,1321
26485,330,12,1235
38056,56,12,1273
7917,169,15,1610
12816,85,12,1147
37156,73,19,1762
37363,105,7,693
21309,146,10,822
12018,182,14,1107
181,170,7,727
5342,521,7,992
17565,215,13,1306
34577,40,10,717
36244,343,8,940
9966,133,10,837
33013,80,14,1369
35874,122,7,690
19786,194,11,756
12797,428,13,1439
8034,281,9,812
8089,265,4,519
26053,213,12,815
37754,421,10,853
25202,132,9,1036
18221,163,10,1102
35186,20,10,1042
15936,190,12,1201
33425,69,15,1880
26359,176,10,1135
11364,191,12,1354
4554,217,13,1011
5214,96,9,966
1828,438,7,840
29365,115,9,841
27900,116,15,1092
9901,330,4,479
474,32,19,1940
20659,100,12,1220
35710,101,12,1138
794,163,12,901
14589,101,14,1263
9263,155,7,798
21942,267,15,1326
22663,76,12,1187
21298,120,9,1077
1404,68,9,969
1009,652,6,453
1945,109,8,488
13400,338,9,1090
10771,202,12,872
39932,54,10,814
14106,114,9,859
3569,16,7,791
29521,144,11,805
19584,214,12,916
139,432,7,743
19522,228,7,855
20277,136,7,490
8672,58,16,1288
30989,179,8,542
15639,123,10,839
11480,129,4,339
5816,66,8,669
33330,185,5,385
3434,163,16,1724
4979,31,6,465
15597,194,9,1060
12844,210,11,1027
20174,163,9,806
34130,67,11,1046
22466,112,11,987
11612,24,17,1663
27815,13,15,1221
35634,117,12,1081
7097,391,7,809
34288,178,8,896
25176,206,7,597
4540,41,14,1398
16760,252,15,1752
2177,222,9,1245
39346,167,13,1344
3178,518,10,889
16974,64,9,758
12360,272,5,391
36405,174,7,545
11302,101,14,1349
26610,169,12,1031
3871,50,10,685
3847,53,16,1394
5008,88,5,307
23730,18,14,1543
38744,175,11,1100
28134,418,8,999
31079,84,11,990
1991,170,12,1105
20544,160,5,187
39039,179,9,916
26363,415,5,343
8084,353,12,847
30045,55,7,1139
5743,210,7,449
16260,358,11,1015
3809,351,8,801
21891,164,6,798
1689,209,10,898
29746,244,8,1118
14200,34,8,513
34575,110,10,651
7127,214,11,1373
24820,95,11,1224
37208,94,12,1114
18550,81,9,903
15828,150,12,1128
27989,117,11,1263
22346,166,9,948
33969,130,8,613
159,153,4,434
17885,226,11,1102
22253,211,14,1581
9489,215,6,720
12202,111,9,1080
34289,79,7,776
9311,90,6,761
3308,333,8,661
9063,296,4,550
21292,223,14,1705
11743,90,7,882
37860,99,7,907
30667,418,4,383
25335,210,9,869
1521,10,10,1072
11746,27,16,1718
32297,58,15,1602
34712,265,8,708
19869,356,12,1053
5882,140,10,907
29477,116,9,992
21332,423,6,526
34587,165,4,474
5992,160,8,540
6805,373,7,761
1315,73,8,506
17207,142,9,1071
10336,191,13,1597
36658,168,6,687
5375,125,14,1406
12010,206,15,1398
15226,269,11,878
1384,177,8,510
32022,467,9,701
19747,186,11,1066
34121,134,14,1265
18026,22,10,866
29921,379,8,625
12905,92,18,1830
2022,455,9,970
31027,247,14,1565
18916,128,11,1014
13672,155,13,1157
13322,108,10,1386
4042,75,8,1080
4125,193,6,421
22059,25,10,1119
17933,68,13,1371
20756,76,12,1145
12165,45,7,742
12572,39,15,1522
39469,473,12,1197
28771,34,9,561
5271,167,8,1000
21561,104,17,1619
35333,88,11,1034
22002,215,11,1072
1033,117,13,1083
35395,242,8,955
17681,126,8,933
19301,52,6,607
3093,148,8,803
21210,252,11,1268
3520,144,8,565
31989,189,12,894
17866,111,6,599
15061,155,9,663
1194,171,18,1675
28951,5,6,461
3743,215,15,1211
5196,208,13,1395
15164,174,11,1071
31695,446,10,851
6561,51,13,1349
13998,325,9,1030
991,164,8,801
15798,188,10,1317
30527,116,9,584
4669,256,8,784
1031,127,13,1087
19627,266,12,855
2809,126,12,1283
25103,199,18,1417
37948,111,9,574
31327,214,9,826
36144,201,9,589
5860,491,10,946
1621,190,10,1025
33799,49,21,1954
28815,383,17,1593
36506,74,13,1336
20653,180,6,447
25342,11,7,516
31539,188,6,496
26127,120,12,1452
23206,96,11,794
28673,222,13,1570
3374,97,13,1253
13371,448,5,422
1074,89,4,510
18975,54,9,632
10252,61,8,565
33249,132,8,1029
28833,41,7,834
15699,267,6,897
23897,177,7,569
12349,117,9,754
118,214,11,1124
27389,423,5,498
30492,103,12,1081
35538,199,10,883
2594,200,8,1091
33995,280,9,846
35522,111,12,1196
13978,270,6,545
2876,110,10,980
24040,80,6,900
7401,147,9,1007
26619,73,8,969
24447,271,13,815
32598,84,18,1795
35326,528,7,584
37231,286,5,452
32002,118,11,1133
3400,128,14,1458
15548,417,9,797
21964,35,5,438
26440,114,11,1045
16726,340,5,509
16799,93,12,945
37068,228,10,985
29414,388,4,292
39204,268,12,933
22858,89,6,407
29239,227,7,644
12497,313,12,961
7714,80,11,1024
9356,54,12,1112
37537,212,10,914
33199,181,13,1107
3631,5,12,803
25589,83,10,834
5306,128,8,987
21889,12,19,1836
29339,133,10,999
31511,591,5,501
34181,599,5,623
22631,300,11,1250
10154,159,14,1380
751,145,12,1220
19449,134,12,1058
11249,58,11,1032
32244,74,11,726
13820,74,8,499
35928,161,9,1076
4683,165,13,1067
34850,206,7,767
11022,177,4,276
14281,155,7,868
35341,377,8,896
3610,208,7,762
28009,39,11,878
27699,35,12,1175
9382,118,11,1338
29589,190,10,1306
935,76,11,853
13378,89,12,1228
33542,285,10,785
25566,456,4,315
39053,255,10,826
3881,129,13,997
15883,269,9,884
11624,224,10,896
31451,177,13,1348
30728,142,9,761
34203,413,16,1765
5192,158,11,989
29594,46,8,448
1850,56,12,1055
2244,106,13,1222
23280,329,8,993
9657,101,12,869
4681,454,4,304
23404,75,12,1470
8933,58,16,1540
13553,74,13,1189
7259,91,10,932
33143,413,7,542
39755,134,9,674
31065,161,7,696
572,24,8,795
37592,99,14,1046
15553,27,7,764
33047,119,9,971
35734,143,6,597
32286,209,13,1541
7611,128,6,401
18231,153,7,813
17841,170,11,861
15529,320,4,472
8209,69,12,1065
16671,315,9,813
27657,56,7,812
34687,289,8,877
34811,129,14,1416
28946,53,10,844
21304,139,11,1088
34250,230,5,583
37524,91,10,815
25098,143,9,593
899,239,10,697
28428,225,8,455
19651,130,9,823
7902,164,5,697
20150,549,5,458
11664,139,13,1159
11991,96,9,684
3905,251,9,527
1311,132,12,1184
12100,269,5,391
2360,346,3,280
12229,19,7,569
2928,257,9,825
38425,161,12,1261
25775,49,9,1084
33004,82,12,894
13334,313,10,684
21082,156,11,1077
10298,203,7,711
15407,107,7,916
38727,381,8,728
35115,118,10,987
6026,185,11,886
35213,610,6,743
25650,222,13,1555
9638,480,7,351
29598,131,11,1174
32613,146,10,813
3702,103,6,544
37214,117,8,503
22444,182,10,681
23015,124,8,688
6248,27,12,1018
33796,42,10,944
958,276,10,1087
6620,236,12,948
17140,120,15,1181
5857,51,9,992
8626,488,4,464
24264,11,15,1001
11628,260,7,686
9272,147,9,686
565,153,5,315
38063,8,9,1051
30708,214,11,1028
38975,214,10,954
25146,68,13,1235
10805,160,11,1276
3870,419,7,663
7748,13,12,966
10462,30,8,1190
27525,110,12,826
34349,56,13,1404
23107,99,10,728
10607,213,9,693
5158,229,7,740
24851,107,8,887
4208,379,12,1014
28454,267,7,740
3497,217,9,982
17815,114,10,1282
19330,409,6,431
38149,254,5,389
367,181,16,1488
39237,153,12,1084
25070,201,12,1257
6944,216,7,608
19521,143,6,569
9253,120,15,1892
1250,166,8,470
1951,7,11,1008
38873,168,10,910
10999,14,13,1539
7586,412,9,798
39586,172,12,1420
14349,98,6,516
18954,280,11,1046
24978,154,15,1563
3692,51,11,1115
38044,398,4,374
9020,111,9,988
10197,94,12,1374
36987,70,10,1027
39143,129,7,272
4189,96,10,1036
20772,132,5,392
39029,254,9,780
22040,52,16,1458
37770,207,13,1356
23816,255,4,418
17911,245,11,1054
30544,103,16,1784
33055,10,9,720
4260,154,12,1336
23119,6,11,1304
664,89,12,712
16748,148,10,941
14574,211,17,1468
10477,88,7,804
11642,145,5,522
10516,145,14,1179
82,89,9,985
2920,129,14,1314
30306,34,7,753
26107,609,6,678
2362,244,9,1136
13103,233,6,592
10513,156,5,514
1571,138,8,708
290,219,11,1064
29483,213,15,1456
26623,198,12,1143
21859,117,12,1334
6846,160,9,771
24762,174,15,1605
23487,155,10,1109
39915,72,11,1246
33700,23,13,1087
23668,9,9,800
1925,39,15,1648
31132,264,9,1078
22303,259,3,297
39000,254,7,779
4601,114,9,757
16130,32,6,427
7073,420,11,995
35131,131,15,2148
29839,94,9,827
16843,90,8,844
2955,178,10,1200
14196,149,8,615
5137,149,5,286
24746,30,12,1117
30630,156,12,908
28111,126,13,1195
17343,119,3,422
11426,455,8,678
18743,405,7,666
34210,99,11,972
26591,210,9,729
35303,490,4,590
16579,70,18,1587
33869,191,14,1214
17985,210,8,739
25898,78,9,792
22836,165,10,717
22804,198,11,794
30562,119,11,694
21791,218,7,858
37903,115,8,817
38451,154,6,348
2580,316,11,1118
20322,90,13,1182
4914,35,15,1473
4405,149,7,592
28094,52,13,1532
5266,188,4,357
37852,41,11,809
31940,67,15,905
6188,184,10,895
31917,43,6,653
7981,217,7,411
30121,98,9,688
10163,360,16,1499
16003,326,7,592
38004,128,5,742
39394,109,9,655
30585,126,13,1018
13187,117,7,703
30651,472,6,581
36184,183,9,882
28803,194,8,499
19800,93,11,1046
31997,160,5,238
39631,233,9,814
38810,92,11,1198
1676,276,10,1327
33696,165,10,923
37145,85,6,499
6407,74,7,413
18655,69,7,709
28981,70,12,1504
23736,107,10,737
11179,498,11,1000
23976,104,14,1533
30711,233,12,1265
7985,182,16,1243
27679,115,8,1089
16643,123,11,917
37108,214,11,1068
20118,289,9,890
39,425,7,728
32011,57,14,1327
9152,424,11,1373
8383,138,10,972
13513,128,7,532
3661,135,12,1111
28716,234,14,1476
15657,170,6,731
26324,9,14,1268
29735,11,6,558
37454,459,8,794
15625,217,8,1057
5262,75,12,1313
13269,122,11,1522
11377,290,10,764
39724,51,15,1337
3982,90,8,538
35496,227,9,680
1993,453,9,948
38616,44,8,626
15873,195,12,1540
3262,177,6,824
37884,19,8,822
14017,93,9,907
11230,330,11,1098
5983,185,6,571
33372,246,11,1145
25200,449,10,876
14629,99,15,1278
18635,122,15,1331
20082,182,10,1146
39885,99,7,671
4605,140,11,1139
25968,23,9,1066
29936,183,11,1038
33743,158,18,1489
31324,579,6,637
31860,189,14,1350
13190,186,11,1425
32890,211,8,803
4819,106,14,1154
35708,19,7,691
22237,264,10,1000
24831,399,9,843
16307,222,9,961
5942,102,13,1224
15198,66,8,713
23706,158,6,542
23626,109,9,1013
30412,172,6,533
9319,132,11,1418
20241,166,9,846
31454,390,6,662
33913,408,7,368
15505,17,10,787
9290,81,8,1057
35160,159,9,835
27362,75,18,1814
13442,91,10,956
33683,326,6,937
22960,449,8,738
8360,90,11,1039
17773,78,11,1123
34704,314,10,1004
36696,183,13,903
6100,96,7,846
32283,309,9,1108
29898,304,11,1041
22716,620,4,437
24926,39,9,1028
16778,190,7,611
7595,66,10,1197
2279,71,22,2259
9866,212,11,1044
19603,327,7,527
17344,364,17,1514
23797,184,5,463
36012,64,8,572
32606,462,6,534
29046,16,7,936
3543,335,13,1049
34487,505,9,806
8849,210,12,1165
15356,246,9,920
29207,272,10,861
38954,111,9,785
3727,95,11,1043
37604,209,7,644
27400,201,15,1484
35092,148,13,1342
5420,234,15,1046
3645,123,5,458
12164,248,8,785
20053,144,7,631
23431,3,11,829
24450,234,9,774
35940,137,9,939
23927,468,8,670
1503,148,15,1593
8825,53,8,564
20321,374,10,719
1586,138,9,805
18299,165,17,1813
2361,148,12,1061
25939,94,11,756
26169,62,12,952
12646,125,11,974
6077,53,7,1053
35782,41,10,1340
2602,338,2,82
27978,54,10,920
7304,14,13,1604
21828,152,9,672
6493,163,9,1108
18792,355,13,1322
853,36,12,1149
9013,114,20,2309
2411,408,13,1299
24441,49,11,1241
1362,68,12,1332
34895,141,10,801
24281,69,14,1189
17693,187,5,561
25777,274,8,481
33572,156,10,739
2449,122,14,1021
33084,178,4,384
16247,52,12,1144
20391,104,10,842
27486,125,13,916
792,187,3,296
17435,161,10,674
15424,220,7,679
24665,79,13,1140
27728,432,8,766
2216,209,5,557
7095,110,10,916
26064,226,7,621
19500,306,7,327
16506,507,5,468
10433,528,7,842
30899,35,6,612
25570,155,14,1150
14993,191,11,1374
15706,64,9,1040
9412,135,10,720
31103,37,13,936
36297,204,6,716
26157,419,8,607
32517,187,7,415
1361,51,11,1003
25066,159,15,1717
17448,125,5,693
22219,291,10,960
39065,81,15,1495
28575,32,12,1100
1337,25,13,786
32754,21,10,937
8993,216,7,610
11434,153,9,817
15377,209,11,917
33893,455,10,1149
18030,264,9,962
17453,460,7,701
23018,132,10,971
1279,440,5,287
1214,374,14,1487
22011,278,9,1082
39321,366,7,547
326,91,4,433
23661,161,11,840
30596,57,7,770
16797,77,10,1010
25594,117,8,638
374,268,11,1194
39230,543,6,510
35108,19,15,1545
174,69,10,937
17237,186,8,488
16084,579,5,363
7491,135,13,993
27471,377,18,1887
9207,118,10,1353
18528,50,13,1211
38298,167,14,1398
19587,139,14,1207
28989,166,12,1246
29479,57,8,670
18664,469,8,653
1090,224,4,384
5593,128,12,1027
23690,189,8,778
27899,16,7,793
15664,503,6,558
8765,159,9,933
3983,63,9,848
15791,69,16,1428
31044,32,9,1311
7198,136,9,878
28277,136,11,813
37357,16,11,1106
30978,189,10,1095
23259,339,9,841
35337,175,16,1318
13004,79,12,798
14611,132,16,1324
8078,100,8,778
13111,189,12,1418
6926,439,3,279
24676,17,10,946
31468,299,8,821
32239,406,11,1045
2209,289,11,1054
10979,107,11,1413
11747,138,11,1425
15569,105,10,759
5230,265,8,477
8143,24,15,1506
35493,157,11,1153
3486,59,15,1013
5984,229,10,935
28385,152,13,1315
14855,172,7,602
17113,288,6,444
1114,157,9,1041
4618,489,7,852
7014,219,15,1453
38050,115,8,527
34618,152,9,936
8416,124,10,1034
29938,157,15,1415
19149,6,7,575
17979,171,4,500
13722,149,8,664
34183,392,6,437
1492,210,10,1315
32218,203,13,1200
22599,543,7,515
7475,151,10,729
2674,200,4,292
15245,159,12,1375
33202,194,16,1589
15052,147,8,885
3413,283,8,849
7005,468,6,434
35377,270,9,823
23036,107,9,934
29174,7,10,796
781,552,6,623
4543,73,13,1344
5090,124,11,739
4580,101,11,879
6332,195,8,953
13986,172,13,1418
1461,152,7,599
10569,359,8,320
13438,38,6,626
5164,133,13,1403
30361,158,9,768
8138,63,10,942
39866,513,10,975
23672,326,11,1284
24041,162,10,747
15017,74,12,1481
38073,197,7,488
13403,58,6,538
38786,157,9,682
2621,134,8,825
29826,22,14,1512
30208,243,4,528
17601,63,9,1118
10400,79,12,851
28709,457,11,1015
28074,159,9,749
8288,145,17,1847
6868,17,9,690
2410,46,12,1255
32240,18,7,463
2402,189,9,715
32812,137,8,667
1764,167,15,2000
38671,214,8,960
17640,434,5,581
32250,135,11,845
35166,506,10,959
36825,112,11,770
9443,526,8,884
38453,20,14,1260
16535,177,17,1904
799,35,12,1085
36792,203,7,532
7018,219,8,740
20628,105,15,1384
1175,147,9,1014
37630,216,7,618
6181,218,10,926
9644,74,11,1102
20953,62,10,1147
37924,59,11,1301
15203,186,12,1178
8044,342,11,1006
4213,119,8,697
39507,298,7,808
6587,129,11,1327
25565,371,7,460
6832,38,12,1264
23688,147,12,1135
16245,90,13,1066
39504,56,18,1495
39527,359,10,559
6179,223,4,370
19393,170,8,755
29957,197,12,1078
15095,125,11,1099
17743,95,15,1499
4996,54,9,950
18770,163,13,944
39161,216,16,1460
1537,107,10,1017
3117,127,10,1004
19489,440,8,655
26111,140,11,946
6879,102,12,1312
34987,93,10,653
21628,306,7,734
14056,8,14,1043
19610,443,7,851
23756,40,17,1243
24877,389,9,948
4124,276,5,551
30435,28,12,1267
6683,141,14,1530
29895,230,7,419
9408,211,10,1099
29358,62,13,1370
5365,58,9,947
16668,81,10,1047
32190,48,8,1008
31908,253,7,625
5344,44,13,1086
36632,219,7,856
14375,167,8,814
35283,78,10,674
3913,246,13,1567
6873,174,14,1124
19197,42,10,878
26136,196,14,1229
32568,102,7,591
33530,36,10,1069
22143,420,11,1234
14971,160,9,782
10028,549,6,646
25657,171,12,1103
26161,162,8,805
20229,450,6,512
13607,152,12,1157
3790,129,9,595
25915,393,9,977
21515,15,10,652
14189,399,7,852
10040,399,7,583
8355,41,14,980
35422,9,6,397
32484,236,13,1079
7849,35,9,702
2182,184,7,755
17051,38,14,1306
19289,184,11,933
10474,108,13,1327
12162,174,15,1289
1319,37,12,1143
2717,77,10,1059
18110,103,9,651
25382,44,11,1251
27934,224,8,809
18211,160,7,491
1941,132,8,775
24830,103,9,894
30540,136,8,991
5356,133,3,321
22109,162,5,395
18367,47,10,877
9411,123,9,892
4959,169,2,161
38910,486,8,659
39372,107,12,1075
6803,124,10,1299
31426,227,9,896
33211,513,6,543
1060,520,8,766
16580,233,13,1328
12355,151,6,559
8409,84,11,1087
33005,270,7,953
32747,69,12,1104
209,61,16,1495
34414,257,8,886
14743,65,8,884
18022,124,8,608
20839,179,23,2239
35278,76,16,1494
7919,19,8,737
31414,161,13,1207
37323,271,9,755
27647,94,11,1104
27515,198,12,885
36698,47,10,658
3166,13,9,653
39460,191,14,1468
9496,107,9,696
34052,106,16,1596
13562,275,10,790
12860,202,10,1051
32987,113,15,1607
26197,359,5,598
13715,6,4,404
10862,101,9,756
11840,261,8,498
36189,49,9,1404
616,174,10,792
34964,200,7,723
27875,407,7,785
22936,235,8,786
32256,168,11,1112
4542,9,13,1465
27919,96,9,527
13717,20,6,724
21752,117,7,713
24716,10,12,1081
21869,126,15,1121
4938,187,5,464
8474,30,10,829
25178,62,13,1418
3575,232,15,1198
13280,172,8,1034
29706,184,15,1413
32223,143,9,539
33926,352,12,1339
1679,111,12,1035
25058,243,4,248
605,121,9,956
9190,105,13,1344
36623,70,11,1016
6877,163,8,934
33396,200,11,1092
36060,260,10,922
14800,111,14,1242
15986,93,11,810
28502,131,7,482
1880,188,11,1081
18286,184,10,1039
18053,221,13,1098
28441,67,11,1031
33853,111,9,1030
16225,99,13,1211
19095,59,5,319
21594,128,10,1086
22589,297,12,1169
8803,189,14,1351
9603,302,9,880
33345,127,8,777
36194,179,7,846
9425,18,9,1003
10886,75,11,1284
39426,149,12,1063
10794,585,6,580
30391,248,11,948
7039,159,11,900
21867,101,12,1109
24346,391,9,648
7578,61,13,1448
23649,137,10,1177
34495,85,13,1597
4999,128,14,1331
37928,221,8,853
1775,41,12,1406
6656,102,14,1432
16161,209,4,320
10334,184,9,867
30351,48,7,765
8589,126,7,882
28400,247,9,989
19608,171,9,747
12895,68,9,798
27499,169,7,606
25433,411,6,850
23155,241,10,964
29778,52,6,597
23673,199,14,1197
28649,174,10,1217
22034,444,8,561
11675,52,6,988
12338,119,10,1144
25147,245,7,515
24883,19,6,764
29790,472,3,358
14035,59,15,1511
2790,287,6,480
4632,325,7,662
30133,291,6,562
20520,270,10,1201
28407,107,7,762
28908,136,5,401
32264,166,8,673
989,16,5,301
39021,66,10,758
13223,64,12,1328
6699,139,8,931
11064,69,7,664
26652,129,11,982
34086,102,10,1062
37287,93,11,1151
36176,114,13,974
21132,62,11,1444
32898,427,12,795
686,191,13,957
16223,23,18,1659
34416,22,11,1022
38801,467,10,1114
855,124,11,1288
10113,79,8,1054
4010,103,14,1065
9175,187,7,781
32368,90,4,314
12409,273,4,295
22393,79,6,388
15391,207,7,679
31202,16,12,1184
28544,147,12,798
19005,58,9,1047
18513,135,8,529
3403,560,3,328
21774,71,11,1213
12050,205,7,343
20887,170,11,956
27508,435,11,1160
20023,549,7,680
25009,129,10,639
32948,87,12,1116
796,229,11,742
6776,558,6,534
33,141,11,1077
27262,152,14,1150
19687,13,9,955
39887,383,8,776
6842,51,11,600
10191,197,7,831
14934,315,8,774
19072,166,6,617
3958,75,12,962
17371,124,9,818
10916,30,13,1250
35766,213,10,1050
14039,49,14,1056
34929,338,17,1367
6378,373,6,592
26459,78,16,1886
6346,76,8,841
5202,84,8,634
24107,88,13,919
36807,152,12,1018
9477,109,9,931
8553,32,10,858
31337,263,9,704
33006,160,7,541
1969,153,11,1140
23603,317,11,947
26575,95,13,985
4939,49,11,1118
35829,78,13,1463
19820,543,5,673
9567,211,4,515
26082,168,6,628
16068,281,14,1605
28676,267,11,1123
78,142,6,762
31100,159,12,709
16063,322,9,587
35916,260,7,503
39097,91,15,1321
10534,153,5,415
12657,234,7,516
747,62,12,1157
18325,71,16,1268
144,500,5,354
34538,140,11,886
6206,151,9,688
12991,78,8,506
12567,78,13,1103
32370,151,12,989
29655,63,12,1285
39206,399,8,1080
36162,181,15,1354
24167,96,8,701
7507,108,9,835
21484,78,11,1115
4850,27,12,1689
16519,101,10,664
8233,197,8,570
6443,104,10,1074
17226,218,11,1112
14694,252,10,833
169,80,8,934
28085,104,14,1179
34051,88,11,1328
11659,212,12,992
8486,244,10,836
39026,169,6,627
39945,466,9,534
11383,71,11,1330
33952,172,10,846
4117,56,5,521
34685,72,8,753
38683,80,9,940
21249,356,4,416
15733,29,8,749
21940,597,6,493
16157,295,5,331
7049,199,10,919
32032,409,12,925
5108,163,13,742
5070,92,11,1068
8161,148,9,859
14175,68,13,1325
2788,111,6,424
35298,116,6,802
1281,96,12,1337
11731,420,8,704
8929,106,7,598
20301,12,17,1466
15355,380,7,615
34177,387,8,506
12463,4,10,590
26808,110,6,527
4099,9,9,899
27414,397,4,227
4410,53,13,954
34307,46,9,881
14849,250,6,836
28873,125,12,1137
24007,141,10,1142
5162,119,7,434
24080,204,14,1191
32085,28,12,924
14007,238,11,1503
4310,21,5,495
20810,8,12,1018
26991,90,9,948
8769,353,10,532
140,200,10,842
23743,515,5,516
36614,149,12,853
8568,150,7,843
28388,270,8,856
17912,192,7,639
27915,195,11,1406
6653,213,6,409
38948,133,17,1458
5332,84,7,716
6446,24,10,986
13625,84,11,920
26461,197,12,1290
5210,155,8,652
10127,85,9,809
